nom;partants;victoires
THIBAUT DROMIGNY;13;1
CL. THOMAIN;261;34
F. GIARD;120;13
M. SASSIER;356;56
M. PANTIC;12;1
STÉ. ENT. ANTHONY TINTILLIER;122;12
K. LEBLANC;253;36
L. LE DREAN;24;4
E. LELIEVRE;46;10
D. BONNE;60;4
TH. RAFFEGEAU;108;8
L.CL. ABRIVARD;273;31
CH. CUILLER;152;13
B. BOURGOIN;151;9
J.CH. PITON;25;0
P.Y. ROCHARD;36;3
Y. DESMET;76;2
A. RIPOLL RIGO;146;14
P. BELLOCHE;121;9
MLLE ESTELLE BRIALLON;23;0
TH. BORDERIE;22;4
M. MOTTIER;196;34
S. GUARATO;302;45
TH. LEVESQUE;86;17
S. ROGER;354;14
V. MARQUEZ;19;2
STÉ. ENT. EMMANUEL ALLARD;45;1
J.M. BAUDOUIN;151;20
Y. HUREL;55;4
STÉ. ENT. FABRICE SOULOY;68;9
J. BRUNEAU;41;1
CH. BIGEON;123;14
J. DUBOIS;102;11
J.F. SENET;131;5
Y. DREUX;70;13
P.Y. VERVA;152;9
R. LAGADEUC;39;8
A. RANDON;34;3
PH. DAUGEARD;140;11
TH. DUVALDESTIN;293;86
CH.A. MARY;201;20
ST. PROVOOST;236;4
A. VANBERGHEN;14;0
G.A. POU POU;78;4
D. BROHIER;66;6
G. VERVA;67;5
A. HENARD;32;3
F.P. BOSSUET;34;4
P. VERCRUYSSE;41;2
P.L. DESAUNETTE;186;24
S. HARDY;281;8
F. NIVARD;94;8
V. MARTENS;91;22
FREDERIC PRAT;18;0
J.CH. FERON;15;1
M. VARIN;92;6
D. BROUWER;59;12
J.M. ROUBAUD;281;21
A. GOCCIADORO;26;3
H.E. BONDO;217;16
NILS PACHA;193;10
P. REPICHET;80;6
E. VARIN;226;6
CHARLES BOUVIER;147;22
C. BUHIGNE;94;6
TH. BONNARDEL;320;19
N. MORTAGNE;49;4
L. GOUT;113;5
A. MUIDEBLED;32;2
J. CORBANIE;78;8
A. TOMASELLI;47;0
J. UROZ;77;9
D. ALEXANDRE;236;14
CL. MATHE;31;0
A. MAZZU;20;0
D. CINIER;249;20
R. MOURICE;236;10
D. DESBORDES;37;1
M.A. BOVAY;34;4
W. NIMCZYK;33;8
N. ENSCH;165;12
MME M. NATYNKI;5;1
H. GRIFT;79;5
J. GUELPA;49;1
THÉO BRIAND;10;2
MME C. DE SOETE;85;5
B. MARIE;244;17
R. DERIEUX;175;59
M. IZAAC;58;19
A. PILLON;62;2
CH. MOTTIER;113;24
PIERRICK LE MOEL;151;12
R. LE VEXIER;54;0
E. GOUT;93;5
ANTONIO BARBARO;1;0
M. CRIADO;17;3
A. CHAVATTE;200;30
NICOLAS RICHARD BROSSARD;60;6
G. METZLER;46;2
F. GENCE;55;3
STÉ. ENT. BERNARD GRASSET;100;5
C. GAZENGEL;118;6
ADRIEN CHARBONNEAU;13;0
F. MARTY;92;13
N. LANGLOIS;83;7
CH. DREUX;108;9
Y. DOUSSET;47;1
A.G. MAILLARD;107;8
F. TERRY;416;35
J. FOIN;124;17
L. GUILLEMIN;16;0
F. OUVRIE;62;5
Y. HENRY;146;19
G. LESSIEU;46;0
B. GOETZ;103;14
A. LEDUC;53;4
R.W. DENECHERRE;28;2
S. BOUISSON;110;11
M. AUVRAY;27;0
D. DELAROCHE;69;1
F. RODES;13;0
P. GODINEAU;21;0
J.J. BAILLON;26;1
F. HEON;40;0
E. PLANCHENAULT;20;3
C. CHENU;36;5
X. DECAUDIN;47;1
E. AUDEBERT;40;1
D. CRESPEL;40;3
MLLE P. BELUZE;23;1
J. DUBREIL;36;1
M. HANQUIER;50;3
X. THIELENS;6;1
A. BARRE;39;3
P. PELLEROT;99;7
D. LAISIS;47;5
ET. CLOZIER;38;2
MME N. GONIN;18;0
B. MICHARDIERE;61;8
F. TABESSE;55;2
BENGT SOLBERG;5;0
V. JARRY;18;0
R. PALIERNE;26;0
MLLE AUDE LEMOINE;20;2
F. BLANDIN;157;13
B. GOGLIN;64;9
H. LE BEC;28;2
STÉ. ENT. R. ET D. HUE;80;6
ALEXANDRE ANGOT;3;0
JULES LEROULLEY;44;6
F. LINDREC;24;1
A. DE JESUS;112;7
SEBASTIEN TRIBOURDEAU;48;9
G. DELACOUR;95;3
M. CHARUEL;24;1
S. ERNAULT;90;21
M. LECOURT;34;6
ANTHONIN FAVRIS;74;6
E. SZIRMAY;83;4
LOIC GROUSSARD;60;0
CH. ECALARD;10;1
A. LEBOURGEOIS;22;0
LUCAS LABBE;18;0
H. LECOT;6;0
MME D. ODIENNE;4;0
CH. PETREMENT;50;0
M. DONIO;39;2
G. CASTEL;25;2
T. LE BELLER;47;10
J.R. DELLIAUX;93;13
N. PERRELLE;23;0
C. DEFFAUX;31;0
L. THIEULENT;10;0
C. GODARD;70;5
R. CORBIN;38;6
MLLE M. LEMONNIER;12;1
P.EDOUARD MARY;45;6
G. CARDINE;15;0
D. PUNIERE;13;0
A. PEJUS;6;1
MME MYRIAM AVENEL;4;0
S. BOURLIER;111;8
S. LEBLOND;68;2
M. DABOUIS;61;0
J.F. VALLETTE;33;1
ANTHONY PERRIN;27;4
V. SEGUIN;71;6
A. REVEILLON;43;2
A.PH. GRIMAULT;103;15
WILLIAM SOUCHET;31;1
STÉ. ENT. GRÉGORY THOREL;123;10
F. HAREL;58;2
ANTONIN ANDRE;115;9
CH. MIRANDEL;84;9
Y. LAVIGNE;42;0
J. ROBERT;29;8
L. GABORIT;35;1
V. FOUCAULT;37;1
MME A. LORDENIMUS;12;0
M.X. CHARLOT;80;4
CH. FEYTE;67;5
Y. VIDAL;40;3
V. DORISON;17;2
L. LALANDE;28;1
C. HERSERANT;32;1
E. PRUDHON;51;4
J. GUERIEL;15;0
B. VANACKER;35;2
R. WESTERINK;41;6
MME G. HERITIER;19;0
J.H. TREICH;38;2
SALVATORE MINOPOLI;5;0
O. PICARD;15;1
CH. ERIKSSON;21;1
R. ORTEGA;3;0
Y. LACOMBE;68;2
D. LEBOIS;49;1
Q. MACHET;28;6
T. PARTAIX;47;4
A. DAULIER;12;0
J.J. BEAUSSE;43;6
G. BEAUFILS;102;9
O. MERLE;54;0
ANTHONY ALLAIS;7;0
B. PITON;46;1
B. ROBIN;80;8
W. BIGEON;120;11
J.M. BAZIRE;3;0
N. BAZIRE;264;39
J.PH. RAFFEGEAU;105;5
J.PH. MONCLIN;134;28
MME S. RAIMOND;47;13
J. LE MER;66;2
A. GARANDEAU;52;3
CHRISTOPHE JARIEL;10;2
J.W. HALLAIS;36;2
J.G. VAN EECKHAUTE;97;8
G.R. HUGUET;183;11
ANTOINE LHERETE;49;7
J.ET. THUET;31;5
TH. LAMARE;46;5
H.R. STROMBERG;6;0
L. FERRO;24;2
P. LEVESQUE;21;2
L. BAUDRON;120;15
F. SENET;25;2
JOACHIM ELFVING;3;0
D. LOCQUENEUX;138;12
P. HAGOORT;6;0
J.L. DERSOIR;100;3
DANIEL WAJERSTEN;14;5
E. MONTAGNA;26;0
D.P. TESSELAAR;8;0
A. ROZZONI;22;0
F. BONNEFOY;28;4
J.P. GAUVIN;82;10
PH. GAILLARD;44;5
J. CUOQ;97;6
A. BONNEFOY;99;7
MICKAEL CORMY;263;21
J. HUGUET;66;3
L. BROUST;30;1
M. DUJMIC;44;2
G. VIDAL;28;1
B. THOMAS;84;0
P. CALLIER;163;5
A. GAUDIN;20;0
J.L. VERRIERE;28;1
TH. BUSSET;52;2
G. ALAINE;31;0
J.P. PRALUS;7;0
L. GARCIA;78;4
D. MARASCO;18;0
P. BLANC;3;0
G. LAURENT;43;5
M. BUSSET;47;1
D. JAMARD;15;0
M. DAOUGABEL;50;0
L. DURANTET;44;6
G. NAKACHE;15;1
H. CHAUVE-LAFFAY;126;16
G. RAFFESTIN;58;3
L. LERENARD;218;12
M. BONNEFOY;28;1
E. BOUYER;54;2
P.A. DELACOUR;22;0
C. PILFERT;3;0
ET. LEFRANC;40;2
L. LAUDREN;46;6
GUILLAUME JOUVE;67;4
J. CONDETTE;37;4
JOEL HALLAIS;56;7
J. JAMAULT;22;1
J. BAUDRON;37;5
J. BORDAS;39;3
K. CHAMPENOIS;40;7
P.Y. LEMOINE;8;2
P. CASTEL;28;1
A. PACARY;41;5
P.A. RYNWALT-BOULARD;20;3
S. POILANE;68;2
A. LENOIR;15;0
M. GILARD;32;0
D. DODIN;14;1
J. GIROUARD;10;0
E. BEAUVAIS;22;1
E. BEUDARD;13;2
D. CHERADAME;25;3
J.M. MAILLARD;17;1
MLLE V.M. GOETZ;38;3
TH. COULON;12;0
V. MAILLARD;20;0
ST. MEUNIER;95;3
P. GODEY;53;1
N. LEMETAYER;60;7
R.CH. LARUE;59;4
G. TADDEI;14;1
A. DE VAUGIRAUD;31;10
MME A.F. DONATI MARCILLAC;35;0
J. ENGWERDA;15;3
G. LEFROU;10;1
M. IZZO;75;5
CH. CLIN;49;4
R. CONGARD;8;1
P. DESPREZ;21;1
J. WESTHOLM;48;12
F. WALLIN;11;1
PH. ALLAIRE;112;13
S.G. DUPONT;75;16
G. CURENS;79;3
MME BARBARA GUENET;13;0
J.P. MARMION;107;28
CH. MARTENS;26;2
S. MARMION;41;5
CH. DE GROOTE;40;2
MME M. DONABEDIAN;5;1
S. LALOUM;196;11
F. LAMARE;25;0
J. VANDOORNE;4;0
L. FRESNEAU;57;4
CH. BREHARD;6;0
J. CHAVATTE;67;0
R. DEBUE;44;1
B. OLICARD;40;2
N. MATHIAS;3;0
Y.R. LE MEE;29;0
P. GAUTIER;8;0
S. BAZIRE;16;1
E. PEREKRESTOFF;7;0
G. MARTY;65;1
PIERRE GERAY;21;0
J.P. LAGENEBRE;5;0
P.J. CORDEAU;37;2
Q. FLEURY;9;0
D.G. CHAVATTE;27;0
JULIEN CHAUVIN;42;0
J.M. LOURTET;39;1
C. BATY;14;3
S. ZAMPARO;5;0
Y. HAMON;20;2
F. CLOZIER;21;0
J. LEBOUTEILLER;26;5
JULIEN RAFFESTIN;114;17
F. QUITTET;15;1
THÉO CHERADAME;17;0
MLLE OCÉANE HERBINIERE;11;0
S. HOUYVET;43;1
A. THOMAS;78;10
B. BLACHET;21;0
ALAIN ROUSSEL;31;1
MME EMELINE DESMIGNEUX;30;3
RENAUD JULIEN;49;4
H. MARIE;40;1
PH. MARIE;28;1
M. BEZIER;68;2
VITALE CIOTOLA;67;8
J.M. MARIE;49;1
P. FERCHAUD;21;4
G. MARIN;18;1
N. CATHERINE;42;12
P. MONTHULE;20;0
MLLE A. MICHEL;32;3
J. POUTREL;13;1
B. ANGOT;37;1
H. SIONNEAU;37;5
J.L. BIGEON;52;5
D. LEFAUCHEUX;28;1
CH. CHALON;60;4
G. SIMON;13;0
L. VAUBERT;20;3
S. PRIOUL;40;5
L. JUBLOT;37;0
TANGUY DEVOUASSOUX;29;2
R. BRETON;21;3
X. REVEILLON;8;0
MME M. HERLEIKSPLASS;15;2
J.M. GUILLOTTE;57;3
MLLE CH. LE COZ;20;1
A.A. DAVID;8;1
E. MARTIN;5;0
Y.J. LE BEZVOET;19;0
D. JAVELLE;17;0
D. KUMPEN;50;6
J. GOSSELIN;19;1
B. VALLETTE;29;0
M. HELBERT;35;3
E. LAMY;33;1
ST. DESHAYES;19;1
P. HALLAIS;1;0
M. MONACO;50;1
P. JANNIER;14;0
C. MEGISSIER;67;8
B. CARPENTIER;58;3
MLLE M. LE BOURHIS;10;0
V. RAIMBAULT;30;1
O. POTIER;36;1
E.G. BLOT;91;2
V. COLIGNY;33;1
V. RENAULT;62;5
F. JOSEPH;59;7
O. RAFFIN;68;9
A. HUBERT;39;2
A. MARION;50;3
JEROME DAVID;63;2
PH.E. TRIBLE;21;1
A. DREUX;30;3
MME F.F. BERTRAND;9;0
ALEXANDRE CHEVRIER;33;2
D. STOEHR;13;2
J. BESCHER;41;4
D. CHERBONNEL;24;0
D. BETHOUART;30;3
M. COLLIN;7;0
J.L.CL. DERSOIR;26;7
S. TESSIER;17;0
J. GRUMETZ;26;2
B. LE BELLER;80;7
G. ROIG-BALAGUER;34;3
R. JAJOLET;46;1
STÉ. ENT. ETIENNE DUBOIS;124;19
E. PELTIER;28;2
MLLE C. LECLERCQ;38;1
V. VIEL;27;3
B.J. CREBAS;47;6
L. VERVA;93;6
GUILLERMO HORRACH VIDAL;50;1
W. MICHEL;26;0
ANTHONY DOLLION;91;4
F.B. LARSSON;7;0
B. GOOP;22;2
M. CLAEYSSENS;7;0
L. ROELENS;46;4
F. DUCROCQ;46;1
S. DIEUDONNE;16;0
TH. DEVOUASSOUX;7;0
H. LECOQ;34;0
MME CONSTANCE CHAZAL;17;1
L. SWITA;17;0
E. LINDEGREN;4;0
DAVID PERSSON;11;0
MME MARIA TORNQVIST;15;4
P. LELIEVRE;85;17
MME S. LAVIGNE;6;2
CH. HESLOUIN;37;3
RUDOLPHE BOTQUIN;5;0
N. RAIMBEAUX;89;4
N. BRIDAULT;127;10
Y. DOCQUIN;21;1
M. LENDERS;3;0
L. CHARBONNEL;47;1
CL. ZUNN;9;0
K. THONNERIEUX;73;4
E. OHANESSIAN;43;2
N. JULIEN;50;0
M. DUPUIS;50;2
D. GAUDIN;8;0
MLLE A. LEBRETON;11;0
S. CINGLAND;98;5
E. BACHELOT;8;1
A. MARCHAUX;5;0
CH. GALLIER;9;0
PH. BOUTIN;50;8
A. SOURICE;44;1
B. CHANONAT;19;3
J.CH. AUDRAN;9;0
D. VALLEE;3;0
F. GUINE;2;0
J.F. MARY;36;0
J.PH. MARY;25;0
C. DUBANCHET;9;0
TH. MARTIN;5;0
B. ROUER;25;1
MME J. STRANG;4;0
CL. GUILLON;13;1
STÉ. ENT. JONATHAN VANMEERBECK;133;7
CH.J. BIGEON;59;1
FILIPPO ROCCA;19;1
BENJAMIN LEREBOURG;12;2
J. BLAVETTE;36;5
L. CANNAERT;36;1
CH. NICOLE;94;2
CH.M. BRUNEAU;40;3
PAVEL TAMSIN;74;8
DANIEL REDEN;9;0
J. EHLERS;5;0
J. AUVARD;5;0
G. LOMBARDO JR.;2;0
IVAN PETRONELLI;2;0
EDOARDO LOCCISANO;11;2
A. CLERIN;14;0
J. UNTERSTEINER;19;3
M. ABRIVARD;205;30
A. LAURENT;49;7
D.M. OLIVIER;17;0
G. BOUTEILLER;16;0
J. PLANCHARD;25;2
J. SEVIN;9;0
R. GOUGEON;13;2
MATTHIAS CHOLLOUX;14;0
M. DAVID;7;1
F. GUINHUT;30;0
V. GOUIN;20;1
HUGHES LEVESQUE;25;2
L. PESCHET;28;4
A.H. VIEL;16;0
MLLE S. TREICH;36;2
JEAN-FRANÇOIS MOQUET;29;2
Y. HALLAIS;18;4
MLLE P. GAPTEAU;12;0
A. RIEUPEYROUX;3;0
D. CANNILLO;23;0
A. REDON;3;0
J. CAPELLE;19;1
B. MUEL;6;0
S. CAMBOU;4;0
G. LIZEE;17;1
J.F. POPOT;43;4
MLLE CL. BEILEARD;26;0
R. JOLY;20;2
B. CONSTANTIN;11;2
P. DESSARTRE;11;0
P.F. DE GRAVE;16;1
A. PEREIRA;29;3
A. ACEF;4;0
STÉ. ENT. BENOÎT BARASSIN;12;4
MME V. MOQUET;56;2
ERIC LEDOYEN;8;1
LEO ABRIVARD;65;5
R. GOUT;17;0
P. PLOQUIN;42;13
ARNAUD DESMOTTES;100;9
ANTTI OJANPERA;17;0
MATTIAS DJUSE;3;0
J.M. CHAINEUX;107;14
A. BUISSON;70;9
J. JULIEN;15;2
N. VIMOND;25;1
PH. ROUER;5;0
J. ASSELIE;11;0
P.M. MANCEAU;18;2
B. RUET;45;1
O. BIZOUX;43;3
G. TOURON;135;4
MME N. DESPRES;43;1
B. CURY;44;1
G. FOURNIGAULT;66;9
TH. LEMOINE;38;2
A. CHAPEY;15;2
F.J. PELTIER;43;3
H. NEUVILLE;15;1
G. MOINON;37;1
F. DELENCLOS;24;0
R. DOUYERE;18;1
TH. ROUSSEL;32;0
A. PLARD;30;2
H. LEVEAU;2;0
RAFFAELE CEPPARULO;26;0
L.M. DAVID;172;15
M. LEMERCIER;26;1
S. LEMETAYER;19;1
A. MENAGER;10;2
K. WESKA;5;0
J. KOUBICHE;76;12
A. DUPERCHE;55;4
A. LEDOYEN;9;0
S. GUEN;4;0
Y. CABARET;6;2
BASTIEN JOSEPH;13;0
V. LEBARQUE;127;11
T. GUILLAUME;2;0
P. POLIZZI;12;0
Y. HAGEGE;13;1
J. GUILLEMIN;6;0
S. BANTZE;10;2
F. DARONDEL;13;1
THÉO RADOUX;46;6
L.B. MARTIN;33;1
J. PAILLE;71;5
M. FRUGIER;3;0
MLLE MANON CAMPOUS;5;0
J.M. TEILLET;4;0
AX. LAIGRON;11;0
J. RIVIERE;12;0
H. BEAUMONT;11;0
J. MAZOU;13;0
R. MOURLON;76;12
L. LAMAZIERE;30;5
BASTIEN CLAIRET;38;6
MARTIAL GAUVIN;43;1
D.J. HENRY;13;0
S. JAMARD;8;0
J.D. FRICONNET;5;0
B. CHOURRE;14;0
L. BRECHAT;15;0
CL. FRECELLE;18;2
LOUIS PEJUS;4;1
MLLE J. TRIOMPHE;32;1
B. PALEAU;7;1
G. CAPORGNO;5;0
F. CARPENTIER;19;0
A.P. GIRAUD;35;1
OLIVIER TOUVAIS;21;7
CÉDRIC PARYS;20;1
PH. BEILEARD;9;0
M. MOREAU;12;0
J.M. LE CERF;9;0
D. DAUVERNE;4;0
R. COPPENS;23;1
A. GUYARD;17;1
PH. GENDRY;11;0
R. MEVEL;5;0
LOUIS BEILEARD;11;0
J. CHEVREUX;23;0
D. MARSAULT;13;0
J.E. DAVID;12;0
J.P. PITON;7;0
D. HEON;20;3
CH. BOISNARD;28;1
CH. LIBERGE;7;0
J.M. GODARD;18;1
G. CELIS;19;0
MARCO DE VIVO;4;1
B.G.M. VADER;2;0
R. POJASEK;6;0
R. DESPRES;50;3
S. PELTIER;34;2
R. SEVESTRE;25;1
J.P. DIABAT;18;1
G. PRAT;33;1
C. BEDEL;19;0
Y. SALIOT;24;1
P. BILLON;9;0
C. FERRE;9;0
DIDIER LEPAGE;6;0
CHARLY FOURE;20;0
MLLE A. CHANTRIS;3;0
A. UNTERREINER;5;0
M. RICHOU;13;0
MME L. RIISE;7;1
M. AERTS;9;0
G. HOUEL;72;8
A. TABU;11;1
L. BARASSIN;44;1
B. DE FOLLEVILLE;22;1
F. GHEKIERE;39;9
S. BROUARD;3;0
GIACOMO LICCARDO;1;0
MME G. MASSCHAELE;85;2
M. LEBREC;36;7
F.PH. SOULAT;4;0
ADRIEN BLANDIN;20;2
MME L. HUE;10;1
MME E. LE BELLER;6;0
K. VANDEMOORTELE;14;0
P. PLASSAIS;13;0
G. SUCAET;47;4
JOSEPH MELIN;1;0
A. MENEGHETTI;9;0
J. CERISIER;12;0
MLLE D. ARAMINI;29;1
MLLE ST. LEPETIT;13;0
R. GONCET;10;0
A. TESSANDIER;29;3
J.PH. DUBOIS;85;5
D. HAON;14;1
PHILIP UYTTENDAELE;2;0
MANUEL PISTONE;1;0
CL. MONTE;3;0
NICOLAS DEVIGNE;7;0
J.M. BREHARD;11;0
E. LETOUZE;34;1
L. DELESTRE;9;0
FREDDY MOREAU;5;0
A. WISSOCQ;19;0
CH. HENRY;41;4
X. LIGNEL;3;0
L.E. THEAULT;2;0
CH.A. MALLET;78;11
G. DONIO;9;0
P. HORNOY;6;0
P. CORNIERE;11;2
N. BINET;3;1
C. RIZZO;1;0
F. BARELLI;2;0
L.A. MARTIN;12;3
K. BUSNEL;94;6
F. CHRISTOPHE;9;0
A. LANNOO;40;4
MARIO VAN DOOYEWEERD;17;2
MME CELESTINE CORTY;22;3
OLAF J. SCHRODER;1;0
THOMAS BOS;4;0
HARRI RANTANEN;1;1
J.ET. LE BEC;36;3
MLLE F. MOULIN;14;0
CH. FLIRDEN;41;3
M. MANZONE;4;0
ADRIEN ERNAULT;12;5
TH. ISSAUTIER;10;0
S. ROUSSELLE;44;7
F. DE MEYER;20;0
F. BRIDAULT;9;0
A.H. POST;12;0
B. DELASALLE;5;0
J.PH. GUIBOUT;31;1
P. CIMAROSTI;8;1
D. LIZEE;4;0
G.M. BERNIER;16;0
B. LEFEVRE;20;0
G. COGNE;22;3
J. VINIGER;6;0
G. CASILLO;4;0
MME E. PRIVAT;14;0
TH. BODIN;4;0
B. GROULT;19;0
A. GASSIRARO;8;0
W. BAUDY;28;0
O. CHENE;17;0
T. AGUIAR;15;0
MME JENNIFER VALETTE;12;0
PH. SEILER;7;0
R.F. PERRET;9;0
A. MILLET;13;1
N. MARTINEAU;42;1
F. CORBINEAU;5;0
STÉ. ENT. CHARLES CRIADO;37;0
STÉPHANE BLOT;1;0
P.CH. JEAN;17;0
P.E. HENRIKSSON;1;0
MLLE C. CHASSAGNE;17;0
ERIC VERVONDEL;2;0
M. SMORGON;5;0
KEVIN OSCARSSON;6;1
P. ROMANELLI;1;0
R. PEZZATINI;2;0
A. GUZZINATI;15;2
S. FERCHAUD;12;0
P. TOUVAIS;6;0
J.M. LEGROS;33;4
EMILIEN RAULLINE;12;1
M. CONSTANTIN;19;1
TH. CHALON;9;1
E. MARTINSSON;7;0
M. HAUBER;3;0
L. VERRIERE;31;3
A. KOLGJINI;2;0
G. NOYON;2;0
J.PH. DUCHER;21;3
J.M. GAUDIN;21;0
S. LABOUTIQUE;5;0
LUCKA STAEL;6;1
ALEXIS PRAT;22;2
MME N. VIEL-PIERRE;18;1
S. PERRAGUIN;1;0
MME E. FRINTA;5;0
D. LECROQ;42;4
MME F. BLOT-CARIOT;8;1
D. BEKAERT;34;6
JUAN RIERA SITGES;2;0
PIERRE BRASSARD;9;0
MME V. CREVITS;7;2
G. MUTHULAR;6;0
F. JULIEN;14;2
CH. DUCHIER;18;3
G. SOLIGNAC;3;0
D. FAIVRE;6;0
D.J. ROUSSEAU;6;0
B. SABOURDY;7;0
G. RIVIERE;14;2
A. RIVIERE;4;0
S. CHARRIAUD;5;0
QUENTIN PERDEREAU;22;1
F. DELANOE;18;0
F. LEBLOND-MARO;14;3
DYLAN DULONG;2;0
D. PERDEREAU;1;0
E. GARNIER;22;0
ARNAUD MORIN;11;0
J.CL. VINCENT;6;0
J.PH. DERRIAN;3;0
M. KROUCHI;15;3
A. ADROVER MARTINEZ;1;1
J.M. BERTRAND;3;1
R. BREUX;2;0
MLLE A.M. SOUDAIN;28;2
MLLE M. GIBON;6;0
J. LESNE;9;0
MLLE CH. DELAMARE;21;1
P. HAWAS;5;0
F. LERCIER;18;0
J. NISKANEN;14;1
J. GODART;8;0
H. VAN DEN HENDE;9;0
X. FORGET;2;1
D. MOES;30;7
G. GILLOT;62;11
M. ROTHENGATTER;17;2
E. BOT;10;1
J. VILAULT;37;2
Y. GAUTIER;20;2
G. LAVARDE;8;0
F. LAGADEUC;42;9
J.R. DECLERCQ;29;1
MME SABINE KAGEBRANT;11;3
C.J. DE LEEUW;12;0
C. TRAVERT;9;1
ANDREA BIGLIARDI;1;0
E. FIASCHI;2;0
A. BLOYET;21;0
H. TOUVAIS;15;1
S. DESMARRES;11;0
J. VIVION;1;0
P. CHAUSSEPIED;10;0
T. MARCHAND;3;0
J.M. JARRY;2;0
J.J. DELHAL;8;0
MME M. COLLET;2;0
J. GROIZEAU;18;1
E.M. FOURNIER;29;5
J. ROULLAND;4;0
P. LABROUSSE;1;0
D. BERGER;1;0
J. LANGELIER;7;0
G. CHAMPENOIS;7;0
STÉ. ENT. KÉVIN VANDERSCHELDEN;26;0
MLLE A. BARTHELEMY;1;0
G. LEFEBVRE;18;0
P. SORAIS;5;1
H. HABART;3;0
D. DUTHEIL;5;0
Q.B. VERNEUIL;3;0
B. FONTAINE;14;0
K. AIT OUAKLI;9;0
S. MOLLO;1;0
M. CASTALDO;2;0
CH. GLORIEUS;4;0
P. DANET;25;1
N. D'HAENENS;16;0
G. DEMOULIN;15;0
F. CHARTIER;13;1
MLLE I. KLAPPE;8;0
PH. TERNISIEN;8;0
P. HILLEN;6;0
F. CRIADO;5;0
MME A. RENAUDIN-LELARGE;5;1
J.Y. HUREL;5;0
I.P. BLANCHON;23;0
MLLE O. TOUILLET;12;2
MME CL. DESMONTILS;35;3
S. RAFFEGEAU;3;0
F. RETAUX;23;0
A. TROUVE;4;0
S. BIZEUL;5;2
A. DEMISSY;9;0
R. RUCINSKI;6;0
F. CRUAUD;8;0
FLORIAN PRIOUL;2;0
MLLE C. CHERADAME;10;0
A. DAVID;7;0
B. BELUZE;10;0
PH. JULIEN;12;0
JORIS FILOGRASSO;45;1
PH. JEANNERET;8;0
HARRI MIKAEL RANTANEN;5;0
D. CHEVRIER;6;0
W. VAN DER ZWAAN;10;0
MME I. HUYGENS-DE WITTE;18;0
J.B. LEMOINE;27;0
D. FISCEL;2;0
G. CHAVATTE;4;0
M. BOUCHEZ;7;0
MME AGNES SEVERS;3;0
X. THEVENET;10;1
MLLE LAURIE COPPENOLLE;1;0
H.K. EHLERT;7;2
FRANKY ELIANO;2;0
N. JAULNEAU;9;0
JOHNNY WESTENBRINK;5;0
B. GRONDIN;6;0
F. JEANNEAU;2;0
F. BELLIER;4;0
X. MARY;6;1
P. GUYOT;4;0
ALEXIS POPOT;8;1
F. HEUDIARD;4;0
MLLE ELISE FOSSARD;2;0
J.P. CADEAU;2;0
J.Y. OLIVIER;6;0
R. HEMERY;6;0
JOACHIM CLYNCKE;5;1
D. DELSART;3;0
TH. LONCKE;17;1
I. DIERICKX;9;1
R. KUIPER;26;0
JEAN MARC POELMANS;4;0
DAVID LEFEVRE;11;0
THIBAULT VOLCKAERT;2;0
MME K. BOSSUYT;10;0
BENOÎT GONTIER;1;0
A. FOULON;6;0
Q. CHAMPENOIS;1;0
R. LAMY;5;0
V. HEBERT;13;0
M. BARBINI;5;0
S. GUELPA;11;0
C. PETITDIDIER;3;0
NATHAN BOISRAME;7;0
J.L. HOCDE;8;0
H. BEAUDOUIN;2;0
P.G. CAVEY;10;0
G.Y. POIRIER;3;0
GREGG LUPI;8;0
R. BUFFAVAND;14;0
J.CH. GANDRE;3;0
P. DEMURU;5;0
MME A. GERMAIN;11;0
D. DAVOUST;9;3
B.R. PLAIRE;5;0
CH. NIVARD;8;1
T. BORD;22;1
P.L. ROUSSEAU;12;1
M. VERVA;46;3
FRANCIS GELDHOF;7;0
D. BOUILLON;2;0
B. SCHWARTZ;3;0
C. RAIMBAUD;13;0
LORENZO ZOLLO;7;0
R. CHAUSSIER;16;0
P.Y. BOUVIER;3;0
J. DESHAYES;4;0
F. COPPYN;10;0
ANTOINE TRIHOLLET;39;2
C. JEAN;8;2
P. FRERET;6;0
R. BERNIER;10;0
S. ROBART;8;0
R. FEELDERS;13;1
MARC DE COCK;5;0
G. VAN DE SIJPE;5;0
A. TOUZERY;5;0
M. LEBEY;6;0
N. DELAMARRE;14;4
HEINZ BERGER;5;2
AURÉLIEN DESMARRES;19;3
R. DEVIS;6;0
J. BERGMANN;4;0
P. VAN ACHTER;12;0
G. LOIX;5;0
Y. TEERLINCK;13;0
STÉ. ENT. THÉO BRIAND;26;3
D. THOMAS;9;0
F. FERRERO;2;0
D. PASQUIER;6;0
P. MARTIN;4;0
S. LE CERF;6;0
L. LE TEXIER;4;0
F. TABOURIER;4;0
TH. MOUSSEAU;5;0
R. KERGUERIS;6;0
Y. LE BRIS;5;1
FLORIAN GAUVIN;8;0
LIONEL GIRAUD;3;0
R. BERUJAT;9;0
MME CHRISTEL MOORTGAT;1;0
MLLE V. LAST;2;0
G. LAUREYS;14;0
V. SOYEZ;6;0
K. DE MEY;5;0
P. ROULLEAU;12;1
B. MASCLE;5;0
TH. ALINE;2;0
M. BARRE;11;0
MME PAULINE MALQUET;3;0
D. DUPRE;4;1
MME TIPHANIE GARCIA;2;0
RAPHAËL ONGHENA;8;0
D. LEROI;1;0
K. HAWAS;4;0
B. BARBIER;28;0
ET. ONGHENA;11;0
I. ZENDELI;7;0
F. JAEGLER;6;1
J.P. FICHAUX;21;0
J.X. MAILLARD;11;0
YOANN ACKER;4;0
L.J. PELLEGRINO;3;0
L. GUITTON;8;0
G. DELAUNE;4;0
S. LELIEVRE;18;2
M. ANDREU MESQUIDA;2;0
MME A. MORISSE;4;0
S. ECALARD;24;0
MME C. HALLAIS-DERSOIR;11;1
R. WESTER;2;0
S. DE CUBBER;3;0
B. HOJKA;13;0
F.PH. BERTHAULT;6;0
J.M. BRECX;1;0
H. COMBOT;21;0
P. HERGNO;6;1
RÉGIS RADOUX;1;0
P. BOUCHEZ;1;0
J.PH. BAZIRE;2;2
J. BERTHELOT;3;0
PH.J. POISSON;12;0
MME B. RUIZ;3;0
A. FRONTERA POCOVI;1;0
MME MARIA LLINAS ROSSELLO;3;0
TRISTAN OUVRIE;1;0
G.J. DECOCK;4;0
J. DUCLOS;3;0
P.J. GOETZ;5;0
A. VAN ACHTER;7;1
MME SUZANNE VACHET;5;0
M. CHERADAME;3;1
D. GARCIAS;4;0
JOEL BOUTEILLER;4;0
L. VOLLET;3;0
E. VERDIER;1;0
J. ROUX;6;0
S. LEVOY;7;0
B. GUILLOUX;7;0
L. KOUBICHE;14;0
TH. LARDILLIER;1;0
MME KARINE DEBACKER;6;1
MARKUS B SVEDBERG;14;1
J.M. BOUVARD;10;1
R. GUESTHON;6;0
D. PROST;1;0
D. LAPRAY;4;0
CHRISTOPHE MARIE;10;0
G. ROCHNA DUMONT;4;0
R. DE FEYTER;5;0
KRISTOF GALLE;2;0
J.J. BOUQUET;2;0
J.M. BERNARD;1;1
J.M. EMPEYTAZ;2;0
J. HERARD;9;0
MLLE MARINE RICHARD;2;0
A. DE GRAEVE;4;1
E. NOISETTE;10;0
CH. WILDHAGEN;3;0
MAURICE VAN DE MOER;2;0
E. FOURNIGAULT;10;0
B. DESLANDES;10;0
D. BAZIN;9;0
J.M. TOUZET;1;0
M. HAMELIN;4;0
P. DESMIGNEUX;5;0
MATHIEU BLANQUET;8;0
J.Y. MARECHAL;5;0
MME PAULINE CAVANIE;5;1
THÉO DUVALDESTIN;3;3
ED. COUBARD-MEUNIER;13;0
R. COURCELLES;1;0
MME E. DESSARTRE;7;0
DARIUSZ CZERWINSKI;30;2
J.L. GADOIS;2;0
E. NICOLAYSEN;2;0
D. EOCHE;5;0
W. DAVID;2;0
D. PAULEAU;5;0
E. LAMBERTZ;6;0
J.F. MOUSSET;2;0
MLLE LARA LEFEBVRE;2;0
E. DEVENNE;12;0
J. LAVAINNE;4;0
V. HENON;1;0
F. ANDRIEU;11;0
JEAN MORICE;2;1
A. BARASSIN;2;0
CH. LEJEUNE;5;0
MME JULIETTE LEDUC;3;0
D. JUIN;4;0
MLLE A. HARET;1;0
M. BADIN;2;0
M. MASSY;7;1
J. ACHE;8;0
J. BABIEL;4;0
P. HACHIN;14;1
THIBAUD DELAPLACE;5;0
A. MARIE;4;0
G.L. PELTIER;3;0
C. CHESNE;5;0
J. WARIN;2;0
F.X. KOENIG;3;0
MME M. VAN PETTEN;2;0
V. POUPIOT;7;0
MME BETTY REMY;7;0
CLÉMENT DUVALDESTIN;4;4
S. DEGLAS;5;0
FRANCESCO DI STEFANO;1;0
STÉ. ENT. CHRISTOPHE MARTENS;46;4
MME M. BEUDARD;3;0
S. DESHAIES;5;0
CL.Y. FOUGERES;9;0
M. JUIN;3;0
F. ROBIN;2;0
G. HERARD;4;0
MME P. GAULIER;2;0
MME SANDRA WYSS;1;0
BRUNO CHARLES RIVIERE;3;0
JOAKIM ESKILSSON;1;0
J. DAHLMAN;4;0
V. ROYER;3;0
F. LETONTURIER;4;0
C. LEBOURGEOIS;2;0
F. DELPECH;4;0
F. LESZCZYNSKI;1;0
M. VICH CAPO;4;0
G. JEANNETON;1;0
D.E. CORDEAU;5;0
D. SABOURDY;5;0
C. LANGLOIS;2;0
E. VIDOTTO;1;0
JOERI DE LAENDER;4;0
ROEL SELDERSLAGHS;1;0
J. VANHOUCKE;1;0
V. COLLARD;6;0
J.L. FORGET;5;0
D. VAN DE WALLE;3;0
MME A. DENGIS;1;0
HANS DEPYPERE;8;2
MME M. BANSEMER;4;0
C. DELBECQ;4;0
D. DEFLOO;2;0
ANDREA ESPOSITO;3;0
F. TOQUET;3;0
H. DRAGT;2;0
J. FERCHAUD;4;0
B. DEBRIS;6;0
B. VAN HELLEPUTTE;1;0
A. LELODET;11;0
F. HANOT;1;0
A.P. SCHMITT;2;0
C. MAROLLEAU;7;0
CH. SORIEUX;2;0
A. GILLES;1;0
CH. VANDESTICK;4;0
N. CHEVALLIER;2;0
G. MONNIER;1;0
LÉO SEIGNE;1;0
N. LOISEAU;2;0
VLADIMIR HEBERT;3;0
F. LEDOUX;13;0
A. DUBOIS;2;0
PH. MIGEOT DE BARAN;1;0
K. VAN CRAEIJNEST;3;1
B. ROTSAERT;1;0
HENK DEPYPERE;3;0
J.L. CARPON;4;1
J.M. BABIN;6;0
B. DE GRAEVE;2;0
J.F. VAN DOOYEWEERD;34;10
O.J. ANDERSSON;6;0
A.W. BOSSCHA;4;0
Y. LEBOURGEOIS;2;0
L. DESCHAMP;1;0
MME M. GIBON;3;1
MATHIEU VERDEZ;2;0
G. BOTHOREL;2;0
J. BOUYNE;2;0
MME L. VAN BAEL;2;0
MLLE M. NORBERG;9;1
S. DELL'AQUILA;2;0
F. COMBOT;5;0
B. FEDRY;4;0
G. PRESLES;4;0
R. LHOMME;1;0
W. COYSMAN;2;0
M. VAN HOECKE;1;0
XAVIER BARROIS;12;0
A. CROZET;3;0
O. TIRARD;6;0
CL. RAIMOND;4;2
G.B. BADIN;3;0
F.M. ROUSSEL;4;0
D. ARMELLINI;5;0
D. BLOND;5;0
S. OBLIN;5;0
J.B. DAGORN;2;0
D. TRAVERT;2;1
E. CREPEAU;1;0
MME JILL VERSTRAETE;3;0
LIEVEN LANNOO;2;0
MME I.L. KUULMAN;5;0
S. DOUANEAU;4;1
P.F. COLLIN;3;0
TH. XICLUNA;1;0
D. MAUCOURT;2;0
F.M. DAVID;2;0
S. GAUDARD;1;0
P. QUESNEL;2;0
O. DIARD;2;0
CH. DAGNICOURT;8;1
A. DABOUIS;10;1
K. LEBOUTEILLER;4;0
ANTONY BOUTIN;3;0
P. BRETAUDEAU;2;0
A. GOUGEON;9;0
ET. ROUE-LECUYER;4;0
THOMAS LEBREC;11;0
MME SVIATLANA TARAN;3;0
J.J. ROULLAND;1;0
THIERRY COLLAUD;6;1
F. JUNG;3;1
B. GUILLOT;1;0
PH. AUTIN;1;0
L. LAHAYE;2;0
C. LELARGE;3;0
MME JASMINE ISING;4;0
J. BETHOUART;1;0
O. LIENART;8;0
V. CHABIRAND;3;0
G. LIGERON;13;1
MME A. BARTHELEMY;4;0
F.M. MORIN;4;0
N. ROUSSEL;2;0
B.G. GUERIN;1;0
A. HUREAU;8;3
TH. ADELAIDE;1;0
J. MERER;4;0
M. BOUGAULT;2;0
D. DANIGO;1;0
L.J. MARTIN;1;0
A. MANTA;2;0
TH. CORBES;1;1
MME E. DROUET-CONSTANTIN;1;0
CH.E. CHALMEL;4;1
MME L. BRETAUDEAU;1;0
T. MALMQVIST;10;0
MICHELE DI FRANCIA;1;0
E. POUPARD;4;0
G.J. LEFEBVRE;1;0
V. SAUVAGE;1;0
F.G. LOUICHE;3;0
J.PH. BORODAJKO;2;0
CH. POUSSIER;1;0
MME HÉLOÏSE LENAULT;1;0
D. GENOT;2;0
PH. JOUBIOUX;3;0
CH. JOUENNE;7;0
S. PILLON;7;0
P. HERNOT;4;0
A.J. MOLLEMA;3;0
F. REROLLE;2;0
PH. BEUREL;1;0
J. ROSENZWEIG;1;0
D. BOURGEIX;2;0
MLLE V. LIETARD;2;0
F. DEMOUTIEZ;3;0
A.A. GUIBOUT;5;0
X. LEVEAU;2;0
G. SORIEUX;2;0
J.L. DEHUT;3;0
T. MARTENS;1;0
G. GILLES;1;0
MME G. GARRAUD;1;0
MME M. TRIHOLLET;1;1
L. BAUDOUIN;2;0
M. GOVIGNON;2;0
J. LORENTZEN;1;0
J. GARNIER;5;0
STÉ. ENT. MATILDE HERLEIKSPLASS;4;1
ACURCIO MANUEL DA CUNHA PEIXOTO;1;0
M.G. BARON;2;0
DEAN SERNEELS;1;0
VITALII KLIUCHNIKOV;2;0
F. DEMUYNCK;2;0
R. AEBISCHER;1;0
G. QUARNETI;1;0
MICHEL DUVEAU;1;0
D. DE JESUS REIS;4;0
PATRICK KANE SR;1;0
R.T. DE VLIEGER;1;0
V. CABOS;1;0
J.PH. DARONDEL;2;0
S. BESNARD;1;0
B. BEULLENS;2;0
W. JEHANNE;1;0
GREGORY MARTENS;3;0
GH. DANNEVILLE;2;0
J. LAVILLE;2;0
G. NION;2;0
MME L. DAVODET;2;0
MARCO BORTOLOTTI;1;0
PETRI TARRIMAA;1;0
L.J. MOLLEMA;1;0
J. ROUE;1;0
G.V. GUNDERSEN;1;0
LOUIS RODRIGUEZ;2;0
CH.M. DUVAL;2;0
P. HEDIGER;2;0
PHADY LY;2;0
E. MANDRAN-FERRAND;2;0
XAVIER DEMASSE;1;0
MME M. LEMONNIER;3;0
K. GIRAUD;2;0
J.J.X. BARRE;1;0
F. CHAPDELAINE;1;0
A. VAN IMPE;1;0
S. ALUS;1;0
M. RAIMO;1;0
T. VERDONCK;1;0
D.CL. TRAVERT;1;0
F. LENAULT;1;0
B. MADELINE;2;0
P. CARMOY;1;0
P. DELAMARRE;2;0
Q. LEPENNETIER;1;0
STÉ. ENT. RODOLPHE DOUYERE;1;0
TH. LEVEAU;1;0
MME M. BACSICH;1;0
G. MAILLARD;1;0
W. BOURDON;1;0
L. PALEAU;1;0
CH. TACK;1;0
O. LECHARPENTIER;2;0
DR CEES P. BOEKEL;1;0
GUY X. NICOLAS;1;0
MME J. NADEAU;1;0
